"Nr OKW";"Kod TERYT";"Powiat";"Województwo";"Frekwencja";"% głosów nieważnych";"W tym z powodu postawienia znaku „X” obok nazwiska dwóch lub większej liczby kandydatów";"W tym z powodu niepostawienia znaku „X” obok nazwiska żadnego kandydata";"W tym z powodu postawienia znaku „X” wyłącznie obok skreślonego nazwiska kandydata";"% głosów ważnych";"Robert BIEDROŃ";"Krzysztof BOSAK";"Andrzej Sebastian DUDA";"Szymon Franciszek HOŁOWNIA";"Marek JAKUBIAK";"Władysław Marcin KOSINIAK-KAMYSZ";"Mirosław Mariusz PIOTROWSKI";"Paweł Jan TANAJNO";"Rafał Kazimierz TRZASKOWSKI";"Waldemar Włodzimierz WITKOWSKI";"Stanisław Józef ŻÓŁTEK";"Liczba obwodów"
2;"020100";"bolesławiecki";"dolnośląskie";"60,09";"0,39";"36,48";"63,52";"0,00";"99,61";"2,08";"6,72";"41,56";"16,39";"0,13";"1,54";"0,07";"0,12";"31,03";"0,13";"0,24";63
4;"020200";"dzierżoniowski";"dolnośląskie";"58,95";"0,34";"35,22";"64,78";"0,00";"99,66";"2,16";"6,09";"44,03";"13,67";"0,12";"1,48";"0,10";"0,18";"31,87";"0,10";"0,19";83
3;"020300";"głogowski";"dolnośląskie";"62,57";"0,29";"30,65";"69,35";"0,00";"99,71";"2,33";"5,95";"44,19";"14,21";"0,10";"1,75";"0,10";"0,14";"30,94";"0,10";"0,20";53
1;"020400";"górowski";"dolnośląskie";"54,05";"0,27";"27,50";"72,50";"0,00";"99,73";"2,00";"6,20";"50,04";"13,14";"0,14";"2,59";"0,08";"0,10";"25,49";"0,07";"0,15";23
2;"020500";"jaworski";"dolnośląskie";"58,95";"0,39";"38,04";"61,96";"0,00";"99,61";"2,05";"6,55";"47,78";"11,18";"0,12";"3,08";"0,12";"0,09";"28,77";"0,06";"0,19";39
2;"020600";"jeleniogórski";"dolnośląskie";"61,57";"0,35";"32,73";"67,27";"0,00";"99,65";"2,26";"4,97";"31,44";"16,44";"0,16";"1,81";"0,09";"0,15";"42,35";"0,15";"0,18";53
2;"020700";"kamiennogórski";"dolnośląskie";"58,81";"0,43";"25,58";"74,42";"0,00";"99,57";"2,09";"5,48";"41,38";"13,77";"0,09";"1,74";"0,09";"0,15";"34,87";"0,10";"0,22";32
4;"020800";"kłodzki";"dolnośląskie";"58,15";"0,33";"30,49";"69,51";"0,00";"99,67";"2,10";"5,75";"41,06";"13,87";"0,13";"2,13";"0,10";"0,16";"34,38";"0,12";"0,20";137
3;"020900";"legnicki";"dolnośląskie";"61,32";"0,39";"28,43";"71,57";"0,00";"99,61";"1,82";"6,68";"48,72";"11,66";"0,14";"2,26";"0,09";"0,14";"28,20";"0,10";"0,18";45
2;"021000";"lubański";"dolnośląskie";"58,76";"0,39";"39,18";"60,82";"0,00";"99,61";"2,13";"5,10";"39,83";"17,55";"0,14";"1,88";"0,07";"0,17";"32,89";"0,10";"0,14";41
3;"021100";"lubiński";"dolnośląskie";"63,84";"0,27";"46,04";"53,96";"0,00";"99,73";"2,30";"7,19";"48,00";"11,68";"0,20";"1,66";"0,11";"0,14";"28,40";"0,10";"0,24";75
2;"021200";"lwówecki";"dolnośląskie";"55,86";"0,38";"31,17";"68,83";"0,00";"99,62";"2,34";"5,35";"41,64";"15,64";"0,20";"2,38";"0,17";"0,17";"31,86";"0,08";"0,14";39
1;"021300";"milicki";"dolnośląskie";"59,86";"0,24";"35,71";"64,29";"0,00";"99,76";"1,90";"5,93";"48,25";"12,36";"0,10";"2,53";"0,09";"0,11";"28,40";"0,11";"0,21";27
1;"021400";"oleśnicki";"dolnośląskie";"61,50";"0,35";"33,89";"66,11";"0,00";"99,65";"1,99";"6,49";"40,81";"16,27";"0,16";"2,14";"0,08";"0,15";"31,60";"0,12";"0,21";66
1;"021500";"oławski";"dolnośląskie";"66,32";"0,30";"28,57";"71,43";"0,00";"99,70";"2,32";"7,16";"42,27";"14,00";"0,16";"1,80";"0,12";"0,13";"31,81";"0,08";"0,16";51
3;"021600";"polkowicki";"dolnośląskie";"60,73";"0,35";"34,65";"65,35";"0,00";"99,65";"2,00";"7,41";"52,87";"12,92";"0,17";"2,13";"0,08";"0,16";"21,98";"0,08";"0,19";43
1;"021700";"strzeliński";"dolnośląskie";"61,21";"0,33";"22,54";"77,46";"0,00";"99,67";"1,77";"5,21";"50,39";"12,13";"0,16";"2,10";"0,05";"0,12";"27,69";"0,14";"0,24";39
1;"021800";"średzki";"dolnośląskie";"62,91";"0,31";"20,73";"79,27";"0,00";"99,69";"1,74";"7,93";"44,49";"11,82";"0,15";"2,28";"0,12";"0,13";"30,96";"0,12";"0,26";36
4;"021900";"świdnicki";"dolnośląskie";"61,36";"0,32";"32,77";"67,23";"0,00";"99,68";"2,22";"6,38";"40,36";"13,63";"0,14";"1,73";"0,10";"0,14";"34,95";"0,12";"0,23";107
1;"022000";"trzebnicki";"dolnośląskie";"63,68";"0,34";"27,27";"72,73";"0,00";"99,66";"2,08";"6,77";"43,58";"12,99";"0,17";"2,16";"0,08";"0,18";"31,70";"0,11";"0,20";60
4;"022100";"wałbrzyski";"dolnośląskie";"58,60";"0,33";"29,76";"70,24";"0,00";"99,67";"2,40";"5,55";"36,02";"16,22";"0,13";"1,83";"0,07";"0,16";"37,33";"0,06";"0,24";50
1;"022200";"wołowski";"dolnośląskie";"60,53";"0,45";"25,24";"74,76";"0,00";"99,55";"2,13";"6,52";"46,14";"13,16";"0,14";"1,94";"0,11";"0,11";"29,41";"0,14";"0,22";33
1;"022300";"wrocławski";"dolnośląskie";"71,71";"0,31";"35,32";"64,68";"0,00";"99,69";"2,29";"7,15";"34,48";"15,12";"0,20";"2,11";"0,08";"0,19";"37,98";"0,16";"0,26";85
4;"022400";"ząbkowicki";"dolnośląskie";"57,89";"0,43";"40,31";"59,69";"0,00";"99,57";"1,77";"5,06";"48,17";"11,27";"0,17";"2,98";"0,09";"0,16";"30,10";"0,10";"0,14";73
2;"022500";"zgorzelecki";"dolnośląskie";"60,26";"0,36";"34,44";"65,56";"0,00";"99,64";"2,24";"6,08";"40,61";"16,63";"0,17";"1,60";"0,09";"0,12";"32,13";"0,12";"0,19";82
2;"022600";"złotoryjski";"dolnośląskie";"59,21";"0,33";"26,87";"73,13";"0,00";"99,67";"1,84";"4,93";"45,35";"14,24";"0,22";"2,06";"0,08";"0,14";"30,81";"0,08";"0,24";43
2;"026100";"Jelenia Góra";"dolnośląskie";"63,69";"0,36";"28,78";"71,22";"0,00";"99,64";"2,79";"5,01";"31,03";"13,39";"0,16";"1,53";"0,12";"0,18";"45,46";"0,15";"0,19";47
3;"026200";"Legnica";"dolnośląskie";"62,74";"0,28";"38,76";"61,24";"0,00";"99,72";"2,39";"6,24";"39,07";"12,96";"0,14";"1,66";"0,10";"0,17";"36,95";"0,12";"0,21";49
1;"026400";"Wrocław";"dolnośląskie";"70,81";"0,26";"42,06";"57,94";"0,00";"99,74";"3,91";"7,19";"28,04";"14,34";"0,20";"1,79";"0,10";"0,21";"43,56";"0,27";"0,38";312
4;"026500";"Wałbrzych";"dolnośląskie";"57,48";"0,35";"22,16";"77,84";"0,00";"99,65";"2,57";"4,75";"33,78";"14,36";"0,12";"1,51";"0,06";"0,15";"42,40";"0,13";"0,17";61
7;"040100";"aleksandrowski";"kujawsko-pomorskie";"61,67";"0,38";"27,18";"72,82";"0,00";"99,62";"1,98";"6,40";"46,77";"12,24";"0,12";"2,70";"0,11";"0,14";"29,26";"0,08";"0,20";56
6;"040200";"brodnicki";"kujawsko-pomorskie";"58,52";"0,28";"47,52";"52,48";"0,00";"99,72";"1,45";"5,72";"47,96";"14,74";"0,17";"3,66";"0,11";"0,13";"25,77";"0,08";"0,20";59
5;"040300";"bydgoski";"kujawsko-pomorskie";"65,36";"0,25";"37,58";"62,42";"0,00";"99,75";"2,42";"6,03";"32,53";"19,48";"0,14";"2,18";"0,10";"0,14";"36,61";"0,12";"0,26";103
6;"040400";"chełmiński";"kujawsko-pomorskie";"56,73";"0,31";"19,12";"80,88";"0,00";"99,69";"2,06";"5,99";"42,33";"16,33";"0,17";"2,71";"0,08";"0,09";"29,97";"0,07";"0,19";47
6;"040500";"golubsko-dobrzyński";"kujawsko-pomorskie";"57,27";"0,21";"30,23";"69,77";"0,00";"99,79";"1,95";"5,87";"50,83";"14,15";"0,16";"2,99";"0,08";"0,14";"23,55";"0,12";"0,16";32
6;"040600";"grudziądzki";"kujawsko-pomorskie";"54,29";"0,27";"40,00";"60,00";"0,00";"99,73";"1,95";"7,01";"48,43";"14,10";"0,12";"3,26";"0,11";"0,13";"24,60";"0,12";"0,17";42
5;"040700";"inowrocławski";"kujawsko-pomorskie";"59,68";"0,29";"44,65";"55,35";"0,00";"99,71";"2,21";"5,95";"39,83";"14,63";"0,14";"2,62";"0,09";"0,12";"34,12";"0,12";"0,18";141
7;"040800";"lipnowski";"kujawsko-pomorskie";"53,53";"0,40";"23,42";"76,58";"0,00";"99,60";"1,89";"5,44";"51,48";"12,24";"0,11";"5,99";"0,11";"0,10";"22,32";"0,09";"0,23";68
5;"040900";"mogileński";"kujawsko-pomorskie";"58,23";"0,37";"36,71";"63,29";"0,00";"99,63";"2,27";"6,14";"45,49";"14,47";"0,15";"4,04";"0,06";"0,11";"26,93";"0,10";"0,24";41
5;"041000";"nakielski";"kujawsko-pomorskie";"58,42";"0,28";"38,68";"61,32";"0,00";"99,72";"1,99";"5,57";"41,77";"17,30";"0,14";"2,85";"0,13";"0,10";"29,88";"0,08";"0,19";78
7;"041100";"radziejowski";"kujawsko-pomorskie";"57,10";"0,44";"34,94";"65,06";"0,00";"99,56";"1,61";"4,56";"57,60";"11,53";"0,17";"3,43";"0,09";"0,11";"20,62";"0,09";"0,19";51
7;"041200";"rypiński";"kujawsko-pomorskie";"55,78";"0,34";"27,27";"72,73";"0,00";"99,66";"1,93";"4,92";"51,69";"12,34";"0,13";"3,20";"0,12";"0,10";"25,28";"0,12";"0,17";45
5;"041300";"sępoleński";"kujawsko-pomorskie";"56,59";"0,25";"43,18";"56,82";"0,00";"99,75";"1,90";"4,91";"44,90";"16,64";"0,14";"2,60";"0,07";"0,12";"28,39";"0,12";"0,21";42
5;"041400";"świecki";"kujawsko-pomorskie";"57,25";"0,34";"39,86";"60,14";"0,00";"99,66";"1,92";"5,87";"42,87";"16,51";"0,15";"2,64";"0,07";"0,18";"29,52";"0,07";"0,19";91
6;"041500";"toruński";"kujawsko-pomorskie";"62,39";"0,32";"33,75";"66,25";"0,00";"99,68";"2,10";"6,93";"39,19";"16,97";"0,15";"2,40";"0,08";"0,15";"31,73";"0,09";"0,21";70
5;"041600";"tucholski";"kujawsko-pomorskie";"60,70";"0,25";"28,07";"71,93";"0,00";"99,75";"1,77";"6,46";"49,12";"15,16";"0,17";"2,67";"0,11";"0,12";"24,10";"0,12";"0,20";51
6;"041700";"wąbrzeski";"kujawsko-pomorskie";"54,71";"0,28";"26,83";"73,17";"0,00";"99,72";"1,85";"7,23";"43,43";"12,47";"0,15";"3,30";"0,10";"0,15";"30,87";"0,14";"0,32";29
7;"041800";"włocławski";"kujawsko-pomorskie";"55,62";"0,40";"33,33";"66,67";"0,00";"99,60";"1,93";"4,88";"51,79";"12,29";"0,13";"3,50";"0,08";"0,14";"25,00";"0,09";"0,18";80
5;"041900";"żniński";"kujawsko-pomorskie";"58,88";"0,32";"39,81";"60,19";"0,00";"99,68";"1,93";"5,82";"44,55";"16,10";"0,13";"3,09";"0,14";"0,11";"27,80";"0,11";"0,21";77
5;"046100";"Bydgoszcz";"kujawsko-pomorskie";"66,67";"0,23";"47,59";"52,41";"0,00";"99,77";"2,78";"5,68";"31,23";"17,09";"0,13";"1,72";"0,09";"0,16";"40,73";"0,14";"0,25";204
6;"046200";"Grudziądz";"kujawsko-pomorskie";"59,06";"0,28";"25,66";"74,34";"0,00";"99,72";"2,82";"6,09";"34,99";"14,68";"0,10";"1,99";"0,10";"0,13";"38,75";"0,12";"0,22";55
6;"046300";"Toruń";"kujawsko-pomorskie";"68,23";"0,23";"31,93";"68,07";"0,00";"99,77";"2,90";"6,53";"30,80";"15,23";"0,13";"1,66";"0,09";"0,14";"42,15";"0,13";"0,23";123
7;"046400";"Włocławek";"kujawsko-pomorskie";"60,61";"0,38";"31,09";"68,91";"0,00";"99,62";"2,85";"4,89";"34,14";"13,86";"0,14";"1,46";"0,09";"0,14";"42,08";"0,12";"0,22";68
9;"060100";"bialski";"lubelskie";"61,01";"0,38";"32,20";"67,80";"0,00";"99,62";"1,27";"8,12";"59,93";"11,32";"0,21";"3,48";"0,18";"0,15";"14,94";"0,10";"0,32";115
11;"060200";"biłgorajski";"lubelskie";"61,60";"0,33";"25,30";"74,70";"0,00";"99,67";"1,30";"9,41";"64,63";"7,67";"0,19";"3,44";"0,18";"0,14";"12,72";"0,07";"0,25";99
10;"060300";"chełmski";"lubelskie";"54,15";"0,38";"23,44";"76,56";"0,00";"99,62";"1,26";"7,16";"62,66";"10,27";"0,19";"3,28";"0,23";"0,12";"14,49";"0,10";"0,24";90
11;"060400";"hrubieszowski";"lubelskie";"54,68";"0,38";"25,69";"74,31";"0,00";"99,62";"1,18";"6,19";"62,69";"9,66";"0,19";"3,54";"0,21";"0,07";"16,02";"0,06";"0,20";69
8;"060500";"janowski";"lubelskie";"65,88";"0,41";"32,00";"68,00";"0,00";"99,59";"1,07";"7,14";"75,04";"5,39";"0,17";"2,42";"0,48";"0,07";"8,01";"0,05";"0,16";38
10;"060600";"krasnostawski";"lubelskie";"57,28";"0,31";"34,04";"65,96";"0,00";"99,69";"1,77";"7,42";"59,91";"8,42";"0,16";"4,03";"0,26";"0,09";"17,55";"0,10";"0,29";90
8;"060700";"kraśnicki";"lubelskie";"61,31";"0,35";"35,98";"64,02";"0,00";"99,65";"1,65";"7,17";"63,56";"8,56";"0,20";"3,47";"0,18";"0,12";"14,82";"0,05";"0,21";86
8;"060800";"lubartowski";"lubelskie";"63,21";"0,39";"27,59";"72,41";"0,00";"99,61";"1,38";"8,70";"61,73";"9,40";"0,21";"3,45";"0,18";"0,17";"14,47";"0,07";"0,24";91
8;"060900";"lubelski";"lubelskie";"65,74";"0,33";"32,08";"67,92";"0,00";"99,67";"1,46";"9,23";"56,97";"10,52";"0,25";"3,82";"0,18";"0,16";"17,07";"0,08";"0,26";129
8;"061000";"łęczyński";"lubelskie";"62,30";"0,26";"31,94";"68,06";"0,00";"99,74";"1,16";"10,66";"58,41";"10,47";"0,17";"2,79";"0,20";"0,12";"15,69";"0,11";"0,22";53
8;"061100";"łukowski";"lubelskie";"64,56";"0,40";"29,03";"70,97";"0,00";"99,60";"0,96";"8,03";"67,12";"8,85";"0,19";"2,68";"0,20";"0,11";"11,59";"0,06";"0,21";98
8;"061200";"opolski";"lubelskie";"59,71";"0,35";"37,00";"63,00";"0,00";"99,65";"1,41";"7,30";"63,15";"9,05";"0,18";"4,00";"0,12";"0,12";"14,39";"0,06";"0,21";62
9;"061300";"parczewski";"lubelskie";"58,79";"0,32";"32,08";"67,92";"0,00";"99,68";"1,35";"8,11";"58,84";"11,10";"0,19";"3,95";"0,22";"0,24";"15,73";"0,09";"0,18";38
8;"061400";"puławski";"lubelskie";"65,07";"0,32";"29,53";"70,47";"0,00";"99,68";"1,93";"8,01";"53,23";"10,90";"0,24";"2,58";"0,20";"0,14";"22,38";"0,14";"0,25";97
9;"061500";"radzyński";"lubelskie";"61,04";"0,32";"40,86";"59,14";"0,00";"99,68";"1,16";"7,97";"64,09";"10,52";"0,20";"3,03";"0,22";"0,14";"12,38";"0,06";"0,24";55
8;"061600";"rycki";"lubelskie";"64,83";"0,38";"37,84";"62,16";"0,00";"99,62";"1,66";"6,53";"60,68";"11,05";"0,17";"2,88";"0,17";"0,11";"16,43";"0,12";"0,20";69
8;"061700";"świdnicki";"lubelskie";"63,58";"0,34";"37,40";"62,60";"0,00";"99,66";"1,85";"7,88";"54,80";"10,93";"0,19";"2,66";"0,20";"0,13";"21,02";"0,11";"0,23";53
11;"061800";"tomaszowski";"lubelskie";"57,09";"0,34";"34,35";"65,65";"0,00";"99,66";"1,12";"7,82";"64,41";"7,73";"0,20";"3,87";"0,15";"0,15";"14,30";"0,05";"0,21";100
10;"061900";"włodawski";"lubelskie";"58,94";"0,46";"36,78";"63,22";"0,00";"99,54";"1,84";"6,85";"52,45";"13,48";"0,23";"4,07";"0,20";"0,11";"20,44";"0,11";"0,21";47
11;"062000";"zamojski";"lubelskie";"59,61";"0,37";"27,23";"72,77";"0,00";"99,63";"1,16";"7,52";"66,20";"8,21";"0,21";"3,43";"0,21";"0,14";"12,65";"0,06";"0,21";119
9;"066100";"Biała Podlaska";"lubelskie";"64,54";"0,25";"38,57";"61,43";"0,00";"99,75";"2,12";"7,82";"46,85";"15,03";"0,23";"2,34";"0,19";"0,15";"24,93";"0,09";"0,26";29
10;"066200";"Chełm";"lubelskie";"60,38";"0,30";"40,45";"59,55";"0,00";"99,70";"2,22";"7,07";"45,21";"12,87";"0,20";"2,16";"0,23";"0,18";"29,54";"0,12";"0,20";36
8;"066300";"Lublin";"lubelskie";"67,21";"0,23";"31,77";"68,23";"0,00";"99,77";"2,43";"8,20";"40,83";"12,72";"0,19";"2,18";"0,30";"0,16";"32,52";"0,17";"0,30";208
11;"066400";"Zamość";"lubelskie";"60,21";"0,24";"32,43";"67,57";"0,00";"99,76";"1,98";"7,43";"48,05";"11,95";"0,20";"2,29";"0,18";"0,11";"27,48";"0,11";"0,22";35
13;"080100";"gorzowski";"lubuskie";"61,72";"0,33";"25,89";"74,11";"0,00";"99,67";"2,31";"6,84";"33,55";"16,62";"0,18";"2,03";"0,07";"0,21";"37,87";"0,14";"0,18";61
12;"080200";"krośnieński";"lubuskie";"58,26";"0,33";"20,99";"79,01";"0,00";"99,67";"1,94";"5,47";"33,82";"22,99";"0,11";"2,04";"0,06";"0,13";"33,21";"0,06";"0,17";50
13;"080300";"międzyrzecki";"lubuskie";"59,99";"0,39";"38,32";"61,68";"0,00";"99,61";"2,06";"5,55";"35,12";"18,65";"0,15";"2,53";"0,06";"0,15";"35,39";"0,14";"0,20";55
12;"080400";"nowosolski";"lubuskie";"60,51";"0,37";"30,14";"69,86";"0,00";"99,63";"1,59";"5,11";"37,95";"20,07";"0,12";"1,98";"0,08";"0,11";"32,72";"0,09";"0,18";53
13;"080500";"słubicki";"lubuskie";"59,10";"0,33";"18,57";"81,43";"0,00";"99,67";"2,26";"6,32";"32,76";"18,04";"0,12";"2,03";"0,08";"0,16";"37,97";"0,15";"0,12";35
13;"080600";"strzelecko-drezdenecki";"lubuskie";"56,43";"0,30";"34,38";"65,62";"0,00";"99,70";"1,90";"5,31";"38,83";"17,03";"0,14";"2,61";"0,06";"0,16";"33,65";"0,12";"0,20";40
13;"080700";"sulęciński";"lubuskie";"58,03";"0,40";"23,81";"76,19";"0,00";"99,60";"1,92";"6,78";"39,76";"15,92";"0,15";"2,57";"0,10";"0,21";"32,29";"0,12";"0,16";36
12;"080800";"świebodziński";"lubuskie";"60,82";"0,29";"38,96";"61,04";"0,00";"99,71";"2,14";"6,88";"35,15";"18,11";"0,21";"2,39";"0,09";"0,13";"34,57";"0,13";"0,21";39
12;"080900";"zielonogórski";"lubuskie";"61,55";"0,37";"31,34";"68,66";"0,00";"99,63";"1,99";"6,74";"33,44";"18,63";"0,16";"1,95";"0,08";"0,15";"36,60";"0,11";"0,15";51
12;"081000";"żagański";"lubuskie";"57,42";"0,42";"43,15";"56,85";"0,00";"99,58";"2,33";"5,55";"40,35";"17,62";"0,12";"2,09";"0,07";"0,22";"31,32";"0,13";"0,17";57
12;"081100";"żarski";"lubuskie";"58,20";"0,32";"22,79";"77,21";"0,00";"99,68";"2,05";"5,94";"35,06";"21,10";"0,15";"1,74";"0,09";"0,12";"33,50";"0,11";"0,15";67
12;"081200";"wschowski";"lubuskie";"58,65";"0,29";"54,90";"45,10";"0,00";"99,71";"2,28";"6,00";"47,20";"14,04";"0,19";"2,50";"0,14";"0,09";"27,24";"0,11";"0,22";32
13;"086100";"Gorzów Wielkopolski";"lubuskie";"64,47";"0,30";"31,64";"68,36";"0,00";"99,70";"2,43";"6,51";"31,15";"14,96";"0,12";"1,55";"0,10";"0,19";"42,63";"0,11";"0,24";68
12;"086200";"Zielona Góra";"lubuskie";"70,05";"0,24";"32,02";"67,98";"0,00";"99,76";"2,69";"6,01";"25,98";"16,86";"0,15";"1,86";"0,11";"0,16";"45,78";"0,15";"0,24";76
15;"100100";"bełchatowski";"łódzkie";"66,53";"0,31";"43,65";"56,35";"0,00";"99,69";"2,02";"8,35";"57,32";"11,39";"0,27";"2,08";"0,12";"0,16";"17,85";"0,16";"0,27";72
14;"100200";"kutnowski";"łódzkie";"60,79";"0,34";"30,86";"69,14";"0,00";"99,66";"2,02";"5,43";"54,13";"9,98";"0,11";"2,45";"0,07";"0,11";"25,39";"0,11";"0,19";83
14;"100300";"łaski";"łódzkie";"65,34";"0,25";"32,31";"67,69";"0,00";"99,75";"1,91";"6,78";"50,91";"13,01";"0,22";"2,90";"0,11";"0,13";"23,72";"0,11";"0,21";39
14;"100400";"łęczycki";"łódzkie";"59,87";"0,35";"33,72";"66,28";"0,00";"99,65";"1,54";"5,59";"59,51";"10,34";"0,15";"2,92";"0,10";"0,15";"19,43";"0,10";"0,18";49
14;"100500";"łowicki";"łódzkie";"64,54";"0,35";"29,86";"70,14";"0,00";"99,65";"1,78";"7,09";"56,71";"11,06";"0,18";"4,07";"0,07";"0,15";"18,53";"0,07";"0,29";71
14;"100600";"łódzki wschodni";"łódzkie";"71,14";"0,39";"28,48";"71,52";"0,00";"99,61";"2,15";"7,18";"44,63";"14,05";"0,18";"2,22";"0,10";"0,16";"28,95";"0,15";"0,22";77
17;"100700";"opoczyński";"łódzkie";"68,05";"0,30";"32,79";"67,21";"0,00";"99,70";"1,08";"6,37";"65,90";"10,94";"0,15";"2,81";"0,12";"0,13";"12,24";"0,10";"0,17";73
14;"100800";"pabianicki";"łódzkie";"66,68";"0,33";"30,62";"69,38";"0,00";"99,67";"2,57";"5,88";"40,03";"14,32";"0,17";"2,09";"0,21";"0,14";"34,21";"0,17";"0,22";70
16;"100900";"pajęczański";"łódzkie";"63,10";"0,39";"40,20";"59,80";"0,00";"99,61";"1,79";"6,22";"61,62";"10,72";"0,19";"2,60";"0,10";"0,13";"16,38";"0,05";"0,20";39
15;"101000";"piotrkowski";"łódzkie";"65,60";"0,32";"36,13";"63,87";"0,00";"99,68";"1,40";"6,78";"63,97";"10,23";"0,19";"2,93";"0,11";"0,11";"13,99";"0,08";"0,21";78
14;"101100";"poddębicki";"łódzkie";"62,37";"0,42";"32,95";"67,05";"0,00";"99,58";"1,57";"4,91";"56,27";"12,76";"0,18";"4,28";"0,10";"0,12";"19,54";"0,09";"0,19";51
15;"101200";"radomszczański";"łódzkie";"61,74";"0,35";"41,41";"58,59";"0,00";"99,65";"1,99";"5,81";"55,68";"11,00";"0,16";"2,58";"0,11";"0,16";"22,16";"0,10";"0,25";89
17;"101300";"rawski";"łódzkie";"62,72";"0,38";"38,04";"61,96";"0,00";"99,62";"1,32";"6,80";"59,82";"10,27";"0,22";"4,04";"0,12";"0,12";"16,99";"0,08";"0,23";29
16;"101400";"sieradzki";"łódzkie";"62,84";"0,37";"46,05";"53,95";"0,00";"99,63";"1,92";"6,02";"56,44";"11,31";"0,16";"3,48";"0,10";"0,12";"20,07";"0,11";"0,26";94
17;"101500";"skierniewicki";"łódzkie";"67,72";"0,37";"44,16";"55,84";"0,00";"99,63";"1,24";"6,87";"64,69";"10,69";"0,22";"3,71";"0,05";"0,13";"12,11";"0,10";"0,19";39
17;"101600";"tomaszowski";"łódzkie";"65,88";"0,32";"27,84";"72,16";"0,00";"99,68";"1,89";"6,63";"52,91";"11,82";"0,15";"2,85";"0,13";"0,09";"23,20";"0,11";"0,23";78
16;"101700";"wieluński";"łódzkie";"63,89";"0,32";"27,78";"72,22";"0,00";"99,68";"1,73";"6,03";"54,05";"13,24";"0,18";"3,50";"0,06";"0,11";"20,79";"0,10";"0,21";80
16;"101800";"wieruszowski";"łódzkie";"61,54";"0,46";"35,79";"64,21";"0,00";"99,54";"1,60";"7,31";"53,27";"13,63";"0,16";"3,78";"0,11";"0,10";"19,81";"0,06";"0,17";38
16;"101900";"zduńskowolski";"łódzkie";"64,81";"0,25";"39,29";"60,71";"0,00";"99,75";"2,36";"6,07";"49,49";"13,93";"0,17";"2,18";"0,10";"0,17";"25,16";"0,16";"0,22";42
14;"102000";"zgierski";"łódzkie";"67,17";"0,30";"31,82";"68,18";"0,00";"99,70";"2,44";"5,79";"41,53";"14,40";"0,15";"2,19";"0,07";"0,14";"32,92";"0,14";"0,24";121
14;"102100";"brzeziński";"łódzkie";"66,05";"0,42";"25,37";"74,63";"0,00";"99,58";"1,61";"6,11";"53,88";"12,66";"0,18";"3,97";"0,12";"0,15";"20,97";"0,12";"0,22";39
14;"106100";"Łódź";"łódzkie";"67,35";"0,30";"41,93";"58,07";"0,00";"99,70";"3,21";"5,64";"30,66";"14,53";"0,16";"1,66";"0,09";"0,17";"43,44";"0,18";"0,25";314
15;"106200";"Piotrków Trybunalski";"łódzkie";"65,41";"0,30";"31,82";"68,18";"0,00";"99,70";"2,55";"5,92";"43,47";"14,49";"0,19";"1,82";"0,13";"0,14";"30,96";"0,14";"0,19";41
17;"106300";"Skierniewice";"łódzkie";"69,41";"0,23";"47,46";"52,54";"0,00";"99,77";"2,32";"6,12";"40,56";"15,81";"0,17";"2,29";"0,18";"0,16";"31,98";"0,15";"0,26";27
20;"120100";"bocheński";"małopolskie";"68,99";"0,27";"33,99";"66,01";"0,00";"99,73";"1,22";"7,77";"62,29";"9,37";"0,20";"3,49";"0,09";"0,10";"15,17";"0,09";"0,21";76
20;"120200";"brzeski";"małopolskie";"63,60";"0,30";"23,91";"76,09";"0,00";"99,70";"1,17";"9,46";"62,02";"8,98";"0,15";"4,01";"0,11";"0,09";"13,76";"0,06";"0,20";70
18;"120300";"chrzanowski";"małopolskie";"65,88";"0,28";"25,56";"74,44";"0,00";"99,72";"2,24";"6,88";"43,13";"14,06";"0,17";"2,26";"0,09";"0,15";"30,65";"0,11";"0,27";89
20;"120400";"dąbrowski";"małopolskie";"56,73";"0,37";"33,33";"66,67";"0,00";"99,63";"0,91";"6,97";"69,62";"6,51";"0,17";"5,40";"0,05";"0,06";"10,06";"0,07";"0,19";54
19;"120500";"gorlicki";"małopolskie";"62,04";"0,32";"38,60";"61,40";"0,00";"99,68";"1,19";"7,80";"60,94";"9,77";"0,13";"2,85";"0,12";"0,12";"16,79";"0,08";"0,20";93
18;"120600";"krakowski";"małopolskie";"69,67";"0,29";"33,41";"66,59";"0,00";"99,71";"1,76";"7,58";"49,19";"12,89";"0,19";"3,11";"0,09";"0,12";"24,65";"0,14";"0,29";196
19;"120700";"limanowski";"małopolskie";"67,45";"0,32";"34,11";"65,89";"0,00";"99,68";"0,87";"7,75";"71,58";"6,49";"0,14";"2,61";"0,08";"0,08";"10,11";"0,06";"0,23";105
18;"120800";"miechowski";"małopolskie";"61,12";"0,30";"28,38";"71,62";"0,00";"99,70";"1,62";"6,12";"61,50";"8,71";"0,28";"5,02";"0,12";"0,07";"16,20";"0,10";"0,25";66
18;"120900";"myślenicki";"małopolskie";"69,78";"0,29";"32,83";"67,17";"0,00";"99,71";"1,12";"8,81";"60,88";"9,86";"0,22";"2,51";"0,10";"0,09";"16,04";"0,10";"0,28";84
19;"121000";"nowosądecki";"małopolskie";"68,63";"0,29";"32,11";"67,89";"0,00";"99,71";"0,89";"7,97";"70,70";"6,78";"0,16";"2,09";"0,11";"0,07";"11,01";"0,05";"0,17";173
19;"121100";"nowotarski";"małopolskie";"60,88";"0,30";"28,16";"71,84";"0,00";"99,70";"1,06";"8,76";"63,93";"8,95";"0,16";"1,87";"0,11";"0,10";"14,78";"0,09";"0,21";154
18;"121200";"olkuski";"małopolskie";"66,79";"0,33";"37,44";"62,56";"0,00";"99,67";"2,09";"7,10";"50,22";"12,27";"0,19";"2,49";"0,06";"0,12";"25,08";"0,14";"0,24";86
18;"121300";"oświęcimski";"małopolskie";"68,17";"0,29";"35,29";"64,71";"0,00";"99,71";"1,84";"7,25";"46,95";"12,75";"0,16";"2,69";"0,09";"0,12";"27,81";"0,12";"0,22";104
18;"121400";"proszowicki";"małopolskie";"59,83";"0,32";"29,85";"70,15";"0,00";"99,68";"1,21";"6,15";"64,48";"8,05";"0,21";"6,08";"0,09";"0,12";"13,34";"0,12";"0,15";41
19;"121500";"suski";"małopolskie";"64,39";"0,30";"33,33";"66,67";"0,00";"99,70";"1,21";"8,89";"60,23";"8,91";"0,12";"2,26";"0,09";"0,14";"17,83";"0,08";"0,22";61
20;"121600";"tarnowski";"małopolskie";"62,80";"0,29";"30,69";"69,31";"0,00";"99,71";"1,07";"8,15";"64,97";"8,40";"0,14";"4,25";"0,10";"0,09";"12,52";"0,08";"0,23";151
19;"121700";"tatrzański";"małopolskie";"66,08";"0,26";"32,99";"67,01";"0,00";"99,74";"1,30";"7,24";"56,08";"10,85";"0,15";"1,74";"0,10";"0,10";"22,15";"0,10";"0,19";54
18;"121800";"wadowicki";"małopolskie";"66,26";"0,29";"31,28";"68,72";"0,00";"99,71";"1,33";"7,61";"53,21";"12,85";"0,14";"2,57";"0,10";"0,14";"21,71";"0,10";"0,24";106
18;"121900";"wielicki";"małopolskie";"69,65";"0,26";"32,04";"67,96";"0,00";"99,74";"1,58";"8,10";"47,02";"13,47";"0,19";"4,17";"0,12";"0,12";"24,86";"0,10";"0,26";82
18;"126100";"Kraków";"małopolskie";"71,54";"0,21";"41,81";"58,19";"0,00";"99,79";"3,53";"7,55";"31,84";"15,21";"0,21";"2,74";"0,10";"0,16";"37,97";"0,25";"0,43";447
19;"126200";"Nowy Sącz";"małopolskie";"67,42";"0,23";"43,88";"56,12";"0,00";"99,77";"1,63";"8,15";"51,59";"10,04";"0,21";"2,11";"0,13";"0,08";"25,69";"0,10";"0,28";53
20;"126300";"Tarnów";"małopolskie";"63,88";"0,21";"37,29";"62,71";"0,00";"99,79";"1,98";"7,64";"43,23";"11,82";"0,16";"4,12";"0,11";"0,14";"30,45";"0,11";"0,25";74
25;"140100";"białobrzeski";"mazowieckie";"66,91";"0,44";"15,38";"84,62";"0,00";"99,56";"1,04";"5,58";"67,08";"8,55";"0,20";"2,70";"0,10";"0,15";"14,33";"0,08";"0,19";24
22;"140200";"ciechanowski";"mazowieckie";"61,06";"0,31";"34,09";"65,91";"0,00";"99,69";"1,76";"6,25";"55,39";"9,67";"0,45";"3,75";"0,08";"0,11";"22,27";"0,09";"0,18";58
26;"140300";"garwoliński";"mazowieckie";"69,66";"0,41";"27,80";"72,20";"0,00";"99,59";"0,97";"7,32";"65,21";"9,70";"0,23";"2,71";"0,12";"0,09";"13,32";"0,08";"0,25";102
24;"140400";"gostyniński";"mazowieckie";"60,39";"0,43";"29,79";"70,21";"0,00";"99,57";"1,59";"5,21";"57,91";"10,05";"0,12";"3,03";"0,07";"0,15";"21,59";"0,10";"0,18";49
21;"140500";"grodziski";"mazowieckie";"72,31";"0,31";"28,31";"71,69";"0,00";"99,69";"2,23";"6,01";"37,35";"15,35";"0,24";"2,36";"0,11";"0,16";"35,80";"0,15";"0,23";51
25;"140600";"grójecki";"mazowieckie";"65,88";"0,35";"28,18";"71,82";"0,00";"99,65";"1,50";"6,47";"54,16";"11,24";"0,26";"5,36";"0,10";"0,12";"20,45";"0,09";"0,24";76
25;"140700";"kozienicki";"mazowieckie";"65,20";"0,39";"39,20";"60,80";"0,00";"99,61";"1,35";"6,71";"61,05";"8,71";"0,18";"2,58";"0,13";"0,13";"18,88";"0,08";"0,21";55
21;"140800";"legionowski";"mazowieckie";"72,80";"0,29";"31,05";"68,95";"0,00";"99,71";"2,32";"5,51";"36,51";"14,07";"0,26";"1,99";"0,14";"0,20";"38,58";"0,16";"0,27";63
25;"140900";"lipski";"mazowieckie";"57,30";"0,37";"35,00";"65,00";"0,00";"99,63";"1,29";"6,20";"64,67";"8,79";"0,13";"4,02";"0,09";"0,07";"14,43";"0,13";"0,18";42
26;"141000";"łosicki";"mazowieckie";"61,62";"0,35";"27,78";"72,22";"0,00";"99,65";"1,33";"7,89";"66,29";"7,80";"0,27";"3,94";"0,16";"0,14";"11,84";"0,07";"0,25";33
23;"141100";"makowski";"mazowieckie";"61,67";"0,38";"15,48";"84,52";"0,00";"99,62";"1,14";"6,25";"63,87";"8,74";"0,18";"3,27";"0,10";"0,05";"16,09";"0,10";"0,21";49
26;"141200";"miński";"mazowieckie";"69,74";"0,35";"21,65";"78,35";"0,00";"99,65";"1,67";"6,80";"49,42";"14,53";"0,23";"2,50";"0,14";"0,12";"24,16";"0,12";"0,30";104
22;"141300";"mławski";"mazowieckie";"59,53";"0,43";"26,90";"73,10";"0,00";"99,57";"1,35";"6,55";"57,23";"10,30";"0,21";"3,17";"0,11";"0,10";"20,70";"0,08";"0,20";52
21;"141400";"nowodworski";"mazowieckie";"65,89";"0,34";"39,86";"60,14";"0,00";"99,66";"1,83";"5,91";"46,30";"13,63";"0,22";"2,47";"0,10";"0,13";"29,03";"0,15";"0,24";52
23;"141500";"ostrołęcki";"mazowieckie";"59,77";"0,39";"31,06";"68,94";"0,00";"99,61";"0,93";"7,59";"65,58";"9,93";"0,18";"3,07";"0,11";"0,17";"12,18";"0,05";"0,21";90
23;"141600";"ostrowski";"mazowieckie";"63,48";"0,33";"32,23";"67,77";"0,00";"99,67";"1,29";"6,59";"63,84";"9,00";"0,19";"2,78";"0,08";"0,11";"15,86";"0,08";"0,18";74
21;"141700";"otwocki";"mazowieckie";"72,92";"0,37";"32,43";"67,57";"0,00";"99,63";"1,70";"6,92";"45,60";"14,36";"0,22";"2,18";"0,15";"0,12";"28,35";"0,12";"0,28";86
21;"141800";"piaseczyński";"mazowieckie";"74,03";"0,37";"21,61";"78,39";"0,00";"99,63";"2,32";"5,98";"34,11";"14,90";"0,24";"2,02";"0,10";"0,14";"39,77";"0,17";"0,24";109
24;"141900";"płocki";"mazowieckie";"60,11";"0,41";"25,23";"74,77";"0,00";"99,59";"1,50";"6,09";"58,26";"10,35";"0,20";"5,18";"0,05";"0,13";"17,98";"0,07";"0,20";112
22;"142000";"płoński";"mazowieckie";"58,94";"0,41";"30,54";"69,46";"0,00";"99,59";"1,28";"5,69";"57,30";"10,36";"0,22";"3,23";"0,13";"0,12";"21,37";"0,08";"0,21";77
21;"142100";"pruszkowski";"mazowieckie";"75,15";"0,24";"33,91";"66,09";"0,00";"99,76";"2,39";"5,76";"35,11";"14,82";"0,22";"2,02";"0,15";"0,18";"38,87";"0,21";"0,27";83
22;"142200";"przasnyski";"mazowieckie";"59,19";"0,41";"33,00";"67,00";"0,00";"99,59";"1,36";"6,81";"62,21";"8,51";"0,26";"3,52";"0,10";"0,10";"16,86";"0,09";"0,17";61
25;"142300";"przysuski";"mazowieckie";"65,77";"0,49";"38,74";"61,26";"0,00";"99,51";"0,93";"6,34";"72,13";"6,49";"0,16";"3,56";"0,08";"0,07";"9,99";"0,04";"0,20";37
23;"142400";"pułtuski";"mazowieckie";"62,27";"0,56";"30,77";"69,23";"0,00";"99,44";"1,82";"6,11";"57,99";"9,51";"0,24";"4,56";"0,10";"0,10";"19,29";"0,07";"0,21";51
25;"142500";"radomski";"mazowieckie";"64,38";"0,40";"30,32";"69,68";"0,00";"99,60";"1,25";"6,97";"64,99";"9,05";"0,18";"2,55";"0,08";"0,12";"14,58";"0,07";"0,15";114
26;"142600";"siedlecki";"mazowieckie";"66,03";"0,38";"22,36";"77,64";"0,00";"99,62";"1,17";"8,42";"69,35";"7,15";"0,18";"3,04";"0,13";"0,09";"10,22";"0,06";"0,18";68
24;"142700";"sierpecki";"mazowieckie";"58,84";"0,34";"31,71";"68,29";"0,00";"99,66";"1,34";"5,73";"58,99";"11,49";"0,17";"3,40";"0,10";"0,11";"18,41";"0,07";"0,19";52
24;"142800";"sochaczewski";"mazowieckie";"64,55";"0,33";"37,86";"62,14";"0,00";"99,67";"1,73";"6,55";"51,00";"12,10";"0,18";"2,78";"0,10";"0,11";"25,08";"0,11";"0,26";64
26;"142900";"sokołowski";"mazowieckie";"65,99";"0,37";"33,02";"66,98";"0,00";"99,63";"1,10";"6,51";"64,25";"8,63";"0,21";"3,82";"0,15";"0,15";"14,87";"0,09";"0,21";49
25;"143000";"szydłowiecki";"mazowieckie";"61,75";"0,46";"25,84";"74,16";"0,00";"99,54";"1,32";"8,46";"66,15";"7,99";"0,23";"2,07";"0,05";"0,09";"13,40";"0,09";"0,16";30
21;"143200";"warszawski zachodni";"mazowieckie";"73,84";"0,31";"37,80";"62,20";"0,00";"99,69";"2,18";"6,27";"37,72";"14,18";"0,20";"2,00";"0,12";"0,16";"36,73";"0,19";"0,25";67
26;"143300";"węgrowski";"mazowieckie";"65,18";"0,42";"24,83";"75,17";"0,00";"99,58";"1,26";"7,26";"61,59";"10,28";"0,16";"2,66";"0,18";"0,12";"16,22";"0,08";"0,19";57
21;"143400";"wołomiński";"mazowieckie";"70,81";"0,34";"28,89";"71,11";"0,00";"99,66";"1,79";"7,27";"47,33";"14,12";"0,24";"1,94";"0,13";"0,18";"26,59";"0,14";"0,27";148
23;"143500";"wyszkowski";"mazowieckie";"65,73";"0,34";"33,85";"66,15";"0,00";"99,66";"1,23";"7,95";"57,91";"11,00";"0,17";"2,85";"0,11";"0,11";"18,42";"0,06";"0,18";64
25;"143600";"zwoleński";"mazowieckie";"61,23";"0,36";"27,69";"72,31";"0,00";"99,64";"1,34";"6,00";"67,30";"8,39";"0,16";"3,62";"0,11";"0,07";"12,78";"0,08";"0,15";37
22;"143700";"żuromiński";"mazowieckie";"59,07";"0,43";"26,58";"73,42";"0,00";"99,57";"1,52";"4,47";"59,10";"10,51";"0,17";"4,75";"0,08";"0,08";"19,07";"0,08";"0,17";29
24;"143800";"żyrardowski";"mazowieckie";"66,68";"0,30";"35,04";"64,96";"0,00";"99,70";"1,98";"6,39";"47,39";"13,24";"0,26";"2,15";"0,12";"0,16";"27,88";"0,12";"0,30";62
23;"146100";"Ostrołęka";"mazowieckie";"63,94";"0,24";"40,00";"60,00";"0,00";"99,76";"1,66";"8,05";"48,67";"13,63";"0,22";"2,14";"0,11";"0,15";"25,01";"0,10";"0,26";29
24;"146200";"Płock";"mazowieckie";"65,68";"0,25";"35,10";"64,90";"0,00";"99,75";"2,21";"6,06";"40,97";"12,48";"0,18";"2,40";"0,09";"0,13";"35,11";"0,17";"0,18";70
25;"146300";"Radom";"mazowieckie";"66,16";"0,30";"33,65";"66,35";"0,00";"99,70";"1,89";"7,57";"47,31";"11,60";"0,18";"1,86";"0,10";"0,15";"28,98";"0,16";"0,20";114
26;"146400";"Siedlce";"mazowieckie";"68,18";"0,29";"27,83";"72,17";"0,00";"99,71";"1,91";"8,55";"48,41";"11,71";"0,22";"2,70";"0,18";"0,15";"25,71";"0,15";"0,30";43
21;"146501";"Warszawa";"mazowieckie";"74,40";"0,25";"41,64";"58,36";"0,00";"99,75";"3,51";"5,59";"26,91";"13,53";"0,24";"1,78";"0,11";"0,17";"47,58";"0,29";"0,29";771
21;"149800";"statki";"mazowieckie";"97,36";"0,00";"";"";"";"100,00";"4,07";"19,51";"13,55";"17,62";"1,63";"4,61";"0,00";"0,27";"37,94";"0,27";"0,54";7
21;"149900";"zagranica";"mazowieckie";"83,18";"0,09";"35,00";"65,00";"0,00";"99,91";"4,60";"8,78";"20,86";"15,68";"0,19";"1,05";"0,07";"0,18";"48,13";"0,30";"0,15";167
27;"160100";"brzeski";"opolskie";"60,14";"0,31";"35,11";"64,89";"0,00";"99,69";"1,93";"6,51";"45,82";"13,83";"0,20";"2,34";"0,10";"0,16";"28,78";"0,13";"0,21";77
27;"160200";"głubczycki";"opolskie";"56,82";"0,49";"33,33";"66,67";"0,00";"99,51";"1,55";"6,21";"54,50";"9,97";"0,17";"2,04";"0,15";"0,15";"24,96";"0,09";"0,21";54
27;"160300";"kędzierzyńsko-kozielski";"opolskie";"54,79";"0,33";"34,35";"65,65";"0,00";"99,67";"2,08";"6,29";"35,39";"18,96";"0,16";"1,97";"0,11";"0,12";"34,52";"0,16";"0,24";62
27;"160400";"kluczborski";"opolskie";"55,00";"0,34";"31,58";"68,42";"0,00";"99,66";"1,53";"6,41";"42,80";"14,59";"0,18";"2,65";"0,11";"0,14";"31,22";"0,15";"0,23";63
27;"160500";"krapkowicki";"opolskie";"50,41";"0,27";"27,94";"72,06";"0,00";"99,73";"1,71";"6,70";"34,83";"22,45";"0,14";"2,34";"0,13";"0,11";"31,28";"0,11";"0,20";51
27;"160600";"namysłowski";"opolskie";"60,41";"0,25";"30,77";"69,23";"0,00";"99,75";"1,81";"6,41";"46,69";"13,84";"0,17";"2,70";"0,10";"0,13";"27,89";"0,09";"0,16";56
27;"160700";"nyski";"opolskie";"57,53";"0,31";"32,82";"67,18";"0,00";"99,69";"1,69";"5,45";"49,30";"13,57";"0,14";"2,08";"0,06";"0,12";"27,34";"0,08";"0,18";120
27;"160800";"oleski";"opolskie";"53,90";"0,40";"33,64";"66,36";"0,00";"99,60";"1,43";"5,62";"44,93";"20,02";"0,19";"2,96";"0,12";"0,14";"24,22";"0,11";"0,26";55
27;"160900";"opolski";"opolskie";"53,03";"0,32";"29,94";"70,06";"0,00";"99,68";"1,60";"5,88";"35,02";"19,84";"0,14";"2,94";"0,12";"0,19";"33,93";"0,14";"0,21";113
27;"161000";"prudnicki";"opolskie";"54,52";"0,38";"28,09";"71,91";"0,00";"99,62";"1,61";"6,26";"48,21";"16,34";"0,13";"2,10";"0,09";"0,12";"24,85";"0,09";"0,18";69
27;"161100";"strzelecki";"opolskie";"50,74";"0,42";"28,68";"71,32";"0,00";"99,58";"1,61";"6,40";"39,55";"20,08";"0,16";"2,13";"0,11";"0,12";"29,50";"0,11";"0,23";72
27;"166100";"Opole";"opolskie";"67,06";"0,24";"41,29";"58,71";"0,00";"99,76";"2,63";"6,10";"26,57";"16,15";"0,17";"2,01";"0,08";"0,17";"45,73";"0,17";"0,22";79
29;"180100";"bieszczadzki";"podkarpackie";"56,65";"0,17";"66,67";"33,33";"0,00";"99,83";"2,05";"7,56";"48,55";"12,68";"0,13";"3,52";"0,07";"0,13";"24,89";"0,16";"0,25";30
29;"180200";"brzozowski";"podkarpackie";"61,69";"0,23";"25,33";"74,67";"0,00";"99,77";"0,94";"8,56";"72,13";"6,72";"0,15";"1,90";"0,11";"0,06";"9,20";"0,05";"0,18";59
28;"180300";"dębicki";"podkarpackie";"65,25";"0,28";"34,55";"65,45";"0,00";"99,72";"1,08";"8,95";"64,12";"8,48";"0,17";"2,54";"0,13";"0,07";"14,16";"0,08";"0,21";109
30;"180400";"jarosławski";"podkarpackie";"61,26";"0,30";"25,29";"74,71";"0,00";"99,70";"1,04";"8,51";"65,75";"7,79";"0,12";"2,83";"0,08";"0,09";"13,60";"0,06";"0,15";113
29;"180500";"jasielski";"podkarpackie";"61,03";"0,27";"37,50";"62,50";"0,00";"99,73";"1,26";"8,37";"66,07";"7,18";"0,19";"2,42";"0,12";"0,08";"14,06";"0,08";"0,17";121
31;"180600";"kolbuszowski";"podkarpackie";"61,02";"0,33";"34,34";"65,66";"0,00";"99,67";"1,00";"9,63";"69,39";"7,16";"0,21";"2,38";"0,08";"0,12";"9,74";"0,06";"0,23";64
29;"180700";"krośnieński";"podkarpackie";"63,31";"0,27";"33,77";"66,23";"0,00";"99,73";"1,58";"8,97";"63,72";"8,96";"0,19";"2,34";"0,09";"0,09";"13,74";"0,07";"0,25";106
28;"180800";"leżajski";"podkarpackie";"63,25";"0,27";"34,41";"65,59";"0,00";"99,73";"0,91";"9,86";"70,21";"6,86";"0,18";"1,85";"0,16";"0,08";"9,70";"0,03";"0,15";54
30;"180900";"lubaczowski";"podkarpackie";"58,34";"0,34";"28,09";"71,91";"0,00";"99,66";"1,24";"7,76";"64,29";"8,86";"0,15";"3,73";"0,08";"0,07";"13,58";"0,09";"0,15";60
28;"181000";"łańcucki";"podkarpackie";"68,19";"0,28";"33,33";"66,67";"0,00";"99,72";"1,00";"9,60";"64,92";"9,65";"0,16";"2,56";"0,13";"0,11";"11,61";"0,05";"0,20";55
31;"181100";"mielecki";"podkarpackie";"64,31";"0,30";"36,54";"63,46";"0,00";"99,70";"1,36";"8,30";"61,26";"9,13";"0,19";"3,05";"0,13";"0,12";"16,14";"0,08";"0,24";117
31;"181200";"niżański";"podkarpackie";"58,43";"0,38";"31,09";"68,91";"0,00";"99,62";"1,18";"9,86";"66,55";"7,51";"0,21";"2,26";"0,14";"0,09";"11,89";"0,10";"0,20";71
30;"181300";"przemyski";"podkarpackie";"59,76";"0,36";"39,37";"60,63";"0,00";"99,64";"0,99";"7,98";"65,93";"8,61";"0,12";"2,84";"0,12";"0,10";"13,08";"0,07";"0,17";96
30;"181400";"przeworski";"podkarpackie";"63,09";"0,31";"26,23";"73,77";"0,00";"99,69";"0,98";"8,38";"67,26";"7,28";"0,15";"3,85";"0,09";"0,07";"11,74";"0,06";"0,15";72
28;"181500";"ropczycko-sędziszowski";"podkarpackie";"67,03";"0,31";"32,52";"67,48";"0,00";"99,69";"0,94";"9,21";"69,61";"7,43";"0,18";"2,61";"0,13";"0,09";"9,58";"0,08";"0,15";69
28;"181600";"rzeszowski";"podkarpackie";"68,40";"0,28";"34,50";"65,50";"0,00";"99,72";"1,04";"10,18";"63,72";"9,67";"0,20";"2,43";"0,11";"0,13";"12,20";"0,08";"0,24";126
29;"181700";"sanocki";"podkarpackie";"59,48";"0,25";"37,84";"62,16";"0,00";"99,75";"1,87";"7,53";"56,88";"11,12";"0,19";"2,75";"0,11";"0,11";"19,15";"0,08";"0,23";72
31;"181800";"stalowowolski";"podkarpackie";"60,50";"0,30";"32,45";"67,55";"0,00";"99,70";"1,51";"9,95";"57,73";"8,78";"0,16";"1,84";"0,11";"0,12";"19,48";"0,07";"0,25";82
28;"181900";"strzyżowski";"podkarpackie";"62,84";"0,32";"33,33";"66,67";"0,00";"99,68";"1,03";"9,91";"66,24";"9,42";"0,21";"2,40";"0,11";"0,13";"10,29";"0,07";"0,18";64
31;"182000";"tarnobrzeski";"podkarpackie";"60,65";"0,22";"29,31";"70,69";"0,00";"99,78";"1,26";"8,30";"63,19";"9,05";"0,11";"2,91";"0,08";"0,13";"14,55";"0,09";"0,34";49
29;"182100";"leski";"podkarpackie";"63,36";"0,26";"34,15";"65,85";"0,00";"99,74";"1,77";"7,36";"53,00";"11,63";"0,22";"2,83";"0,07";"0,10";"22,71";"0,08";"0,22";31
29;"186100";"Krosno";"podkarpackie";"65,25";"0,19";"36,96";"63,04";"0,00";"99,81";"3,25";"8,27";"46,58";"11,25";"0,22";"2,17";"0,12";"0,10";"27,70";"0,13";"0,21";28
30;"186200";"Przemyśl";"podkarpackie";"59,25";"0,33";"36,56";"63,44";"0,00";"99,67";"1,83";"7,26";"47,22";"11,56";"0,17";"2,07";"0,11";"0,14";"29,34";"0,12";"0,18";39
28;"186300";"Rzeszów";"podkarpackie";"68,74";"0,24";"35,32";"64,68";"0,00";"99,76";"2,26";"10,02";"40,44";"15,13";"0,27";"2,47";"0,14";"0,15";"28,67";"0,13";"0,34";98
31;"186400";"Tarnobrzeg";"podkarpackie";"62,72";"0,24";"47,27";"52,73";"0,00";"99,76";"2,13";"7,72";"44,08";"11,81";"0,17";"2,40";"0,10";"0,12";"31,06";"0,13";"0,27";34
34;"200100";"augustowski";"podlaskie";"57,00";"0,34";"31,11";"68,89";"0,00";"99,66";"1,52";"6,92";"52,75";"13,45";"0,17";"2,62";"0,12";"0,12";"21,97";"0,08";"0,27";44
32;"200200";"białostocki";"podlaskie";"63,32";"0,31";"27,16";"72,84";"0,00";"99,69";"1,28";"8,01";"50,54";"18,35";"0,22";"1,68";"0,10";"0,14";"19,34";"0,06";"0,25";123
32;"200300";"bielski";"podlaskie";"57,45";"0,29";"23,29";"76,71";"0,00";"99,71";"1,63";"5,47";"51,48";"20,73";"0,14";"2,03";"0,12";"0,08";"18,10";"0,07";"0,16";50
33;"200400";"grajewski";"podlaskie";"54,32";"0,26";"32,69";"67,31";"0,00";"99,74";"1,05";"7,42";"60,07";"11,50";"0,15";"3,06";"0,08";"0,16";"16,30";"0,05";"0,16";43
32;"200500";"hajnowski";"podlaskie";"54,74";"0,32";"28,57";"71,43";"0,00";"99,68";"3,05";"6,13";"31,17";"29,13";"0,15";"2,28";"0,15";"0,11";"27,53";"0,09";"0,23";47
33;"200600";"kolneński";"podlaskie";"55,29";"0,33";"30,36";"69,64";"0,00";"99,67";"0,96";"8,04";"68,40";"8,11";"0,11";"3,28";"0,11";"0,07";"10,68";"0,07";"0,17";41
33;"200700";"łomżyński";"podlaskie";"57,84";"0,37";"29,55";"70,45";"0,00";"99,63";"0,78";"7,91";"68,56";"8,98";"0,21";"2,40";"0,08";"0,09";"10,74";"0,05";"0,20";53
32;"200800";"moniecki";"podlaskie";"53,33";"0,36";"29,03";"70,97";"0,00";"99,64";"1,00";"7,51";"62,52";"12,67";"0,17";"2,62";"0,06";"0,15";"13,07";"0,05";"0,18";33
34;"200900";"sejneński";"podlaskie";"52,12";"0,17";"40,00";"60,00";"0,00";"99,83";"1,78";"6,45";"45,24";"15,15";"0,24";"3,66";"0,16";"0,18";"26,79";"0,16";"0,19";21
32;"201000";"siemiatycki";"podlaskie";"54,51";"0,34";"35,82";"64,18";"0,00";"99,66";"1,64";"7,66";"54,10";"13,42";"0,20";"3,49";"0,17";"0,14";"18,83";"0,13";"0,22";48
34;"201100";"sokólski";"podlaskie";"54,83";"0,33";"23,47";"76,53";"0,00";"99,67";"1,11";"7,84";"57,90";"14,27";"0,13";"2,34";"0,07";"0,08";"15,94";"0,08";"0,24";63
34;"201200";"suwalski";"podlaskie";"57,52";"0,43";"23,61";"76,39";"0,00";"99,57";"1,54";"7,76";"55,37";"13,07";"0,16";"3,04";"0,11";"0,24";"18,39";"0,08";"0,23";38
33;"201300";"wysokomazowiecki";"podlaskie";"63,66";"0,37";"37,74";"62,26";"0,00";"99,63";"0,86";"6,76";"71,30";"8,17";"0,15";"2,70";"0,11";"0,08";"9,62";"0,06";"0,20";60
33;"201400";"zambrowski";"podlaskie";"59,71";"0,37";"23,38";"76,62";"0,00";"99,63";"0,99";"7,29";"63,15";"9,60";"0,12";"2,67";"0,12";"0,12";"15,68";"0,07";"0,19";45
32;"206100";"Białystok";"podlaskie";"67,10";"0,26";"34,21";"65,79";"0,00";"99,74";"2,13";"8,42";"38,29";"22,39";"0,21";"1,36";"0,11";"0,16";"26,50";"0,14";"0,29";185
33;"206200";"Łomża";"podlaskie";"60,19";"0,29";"38,75";"61,25";"0,00";"99,71";"1,47";"8,04";"51,07";"13,22";"0,23";"1,82";"0,13";"0,12";"23,62";"0,11";"0,18";32
34;"206300";"Suwałki";"podlaskie";"60,06";"0,32";"22,55";"77,45";"0,00";"99,68";"1,89";"8,65";"44,12";"14,96";"0,17";"1,75";"0,10";"0,17";"27,82";"0,11";"0,26";38
36;"220100";"bytowski";"pomorskie";"58,26";"0,35";"29,60";"70,40";"0,00";"99,65";"2,39";"6,47";"43,77";"14,90";"0,13";"2,25";"0,07";"0,12";"29,64";"0,08";"0,18";66
36;"220200";"chojnicki";"pomorskie";"62,24";"0,31";"32,87";"67,13";"0,00";"99,69";"1,86";"6,34";"45,70";"15,20";"0,12";"2,07";"0,12";"0,13";"28,19";"0,07";"0,20";68
36;"220300";"człuchowski";"pomorskie";"55,78";"0,45";"41,82";"58,18";"0,00";"99,55";"2,25";"5,91";"39,12";"15,89";"0,14";"2,68";"0,11";"0,16";"33,43";"0,13";"0,18";57
35;"220400";"gdański";"pomorskie";"65,82";"0,28";"30,82";"69,18";"0,00";"99,72";"2,16";"6,88";"29,21";"17,91";"0,19";"1,95";"0,11";"0,18";"41,08";"0,12";"0,22";59
36;"220500";"kartuski";"pomorskie";"67,54";"0,29";"30,96";"69,04";"0,00";"99,71";"1,52";"6,29";"44,49";"18,13";"0,14";"1,89";"0,12";"0,13";"27,01";"0,11";"0,18";75
36;"220600";"kościerski";"pomorskie";"64,67";"0,31";"34,51";"65,49";"0,00";"99,69";"1,62";"6,01";"46,18";"18,05";"0,09";"2,22";"0,09";"0,11";"25,33";"0,08";"0,22";48
35;"220700";"kwidzyński";"pomorskie";"57,12";"0,41";"28,08";"71,92";"0,00";"99,59";"2,42";"6,78";"40,53";"13,99";"0,16";"2,09";"0,09";"0,15";"33,47";"0,13";"0,19";67
36;"220800";"lęborski";"pomorskie";"63,13";"0,32";"32,04";"67,96";"0,00";"99,68";"2,79";"6,48";"35,27";"16,17";"0,16";"1,86";"0,10";"0,10";"36,78";"0,10";"0,19";46
35;"220900";"malborski";"pomorskie";"57,65";"0,28";"31,65";"68,35";"0,00";"99,72";"2,34";"5,88";"33,75";"17,40";"0,11";"2,14";"0,08";"0,12";"37,88";"0,10";"0,21";37
35;"221000";"nowodworski";"pomorskie";"61,79";"0,32";"31,75";"68,25";"0,00";"99,68";"2,39";"5,69";"33,93";"15,65";"0,17";"2,49";"0,10";"0,11";"39,18";"0,15";"0,15";30
36;"221100";"pucki";"pomorskie";"71,95";"0,32";"34,92";"65,08";"0,00";"99,68";"2,23";"5,87";"32,52";"18,73";"0,16";"1,90";"0,07";"0,14";"38,06";"0,13";"0,19";53
36;"221200";"słupski";"pomorskie";"57,35";"0,30";"31,34";"68,66";"0,00";"99,70";"3,52";"5,25";"36,49";"13,58";"0,14";"2,65";"0,09";"0,19";"37,84";"0,11";"0,14";88
35;"221300";"starogardzki";"pomorskie";"59,88";"0,34";"28,35";"71,65";"0,00";"99,66";"1,86";"5,99";"47,71";"15,16";"0,16";"2,49";"0,13";"0,16";"26,07";"0,10";"0,20";94
35;"221400";"tczewski";"pomorskie";"60,05";"0,28";"32,41";"67,59";"0,00";"99,72";"2,00";"7,13";"40,41";"16,69";"0,14";"2,13";"0,08";"0,14";"30,89";"0,12";"0,27";75
36;"221500";"wejherowski";"pomorskie";"66,51";"0,31";"31,00";"69,00";"0,00";"99,69";"2,29";"7,28";"35,75";"17,28";"0,17";"1,81";"0,13";"0,15";"34,80";"0,12";"0,22";105
35;"221600";"sztumski";"pomorskie";"52,57";"0,47";"33,33";"66,67";"0,00";"99,53";"2,66";"4,81";"41,68";"15,48";"0,13";"2,50";"0,09";"0,12";"32,23";"0,10";"0,20";41
35;"226100";"Gdańsk";"pomorskie";"71,51";"0,23";"45,11";"54,89";"0,00";"99,77";"3,08";"6,09";"25,11";"16,16";"0,14";"1,56";"0,11";"0,18";"47,07";"0,21";"0,31";199
36;"226200";"Gdynia";"pomorskie";"72,13";"0,26";"46,63";"53,37";"0,00";"99,74";"3,08";"6,04";"25,02";"15,55";"0,13";"1,48";"0,10";"0,18";"47,97";"0,18";"0,26";118
36;"226300";"Słupsk";"pomorskie";"63,07";"0,25";"31,19";"68,81";"0,00";"99,75";"3,75";"5,66";"32,58";"12,29";"0,15";"2,06";"0,09";"0,11";"43,00";"0,14";"0,18";47
35;"226400";"Sopot";"pomorskie";"74,30";"0,25";"44,64";"55,36";"0,00";"99,75";"2,83";"4,83";"23,44";"13,63";"0,16";"1,51";"0,10";"0,17";"52,83";"0,21";"0,28";24
37;"240100";"będziński";"śląskie";"65,01";"0,24";"39,23";"60,77";"0,00";"99,76";"3,06";"6,09";"35,38";"15,08";"0,15";"2,06";"0,10";"0,13";"37,54";"0,14";"0,26";99
38;"240200";"bielski";"śląskie";"69,97";"0,23";"30,69";"69,31";"0,00";"99,77";"1,83";"7,65";"43,21";"16,00";"0,15";"2,03";"0,13";"0,14";"28,57";"0,11";"0,18";93
38;"240300";"cieszyński";"śląskie";"66,04";"0,26";"38,33";"61,67";"0,00";"99,74";"2,14";"7,50";"39,80";"19,18";"0,16";"2,00";"0,12";"0,15";"28,61";"0,11";"0,24";124
39;"240400";"częstochowski";"śląskie";"64,68";"0,36";"27,73";"72,27";"0,00";"99,64";"1,90";"6,36";"50,13";"14,02";"0,13";"2,89";"0,11";"0,12";"23,99";"0,12";"0,22";120
37;"240500";"gliwicki";"śląskie";"61,26";"0,34";"36,81";"63,19";"0,00";"99,66";"1,78";"7,69";"42,14";"17,75";"0,16";"1,96";"0,12";"0,15";"27,90";"0,13";"0,22";76
39;"240600";"kłobucki";"śląskie";"63,48";"0,30";"37,88";"62,12";"0,00";"99,70";"1,81";"6,21";"49,54";"14,95";"0,17";"3,79";"0,09";"0,17";"22,90";"0,09";"0,28";64
39;"240700";"lubliniecki";"śląskie";"59,05";"0,35";"33,07";"66,93";"0,00";"99,65";"1,69";"6,34";"47,48";"17,16";"0,18";"2,09";"0,15";"0,21";"24,36";"0,11";"0,24";60
38;"240800";"mikołowski";"śląskie";"67,89";"0,27";"40,29";"59,71";"0,00";"99,73";"1,80";"7,55";"40,32";"17,12";"0,23";"1,82";"0,11";"0,25";"30,42";"0,13";"0,25";63
39;"240900";"myszkowski";"śląskie";"63,21";"0,28";"45,00";"55,00";"0,00";"99,72";"2,07";"6,50";"49,33";"13,80";"0,13";"2,40";"0,09";"0,16";"25,21";"0,11";"0,22";56
38;"241000";"pszczyński";"śląskie";"69,18";"0,29";"31,95";"68,05";"0,00";"99,71";"1,71";"8,07";"50,29";"14,43";"0,21";"2,10";"0,13";"0,14";"22,54";"0,10";"0,27";74
38;"241100";"raciborski";"śląskie";"54,86";"0,31";"38,03";"61,97";"0,00";"99,69";"1,87";"7,75";"42,18";"17,22";"0,16";"1,87";"0,14";"0,12";"28,34";"0,12";"0,23";68
38;"241200";"rybnicki";"śląskie";"64,03";"0,30";"44,25";"55,75";"0,00";"99,70";"1,36";"8,41";"51,28";"14,21";"0,12";"1,60";"0,11";"0,17";"22,41";"0,10";"0,21";48
37;"241300";"tarnogórski";"śląskie";"64,07";"0,28";"35,05";"64,95";"0,00";"99,72";"1,86";"6,46";"40,97";"16,73";"0,18";"1,87";"0,13";"0,15";"31,28";"0,12";"0,24";85
37;"241400";"bieruńsko-lędziński";"śląskie";"67,54";"0,33";"42,16";"57,84";"0,00";"99,67";"1,72";"8,07";"52,66";"13,38";"0,20";"1,71";"0,14";"0,19";"21,55";"0,11";"0,26";41
38;"241500";"wodzisławski";"śląskie";"63,39";"0,24";"41,76";"58,24";"0,00";"99,76";"1,48";"8,84";"48,83";"14,10";"0,17";"1,74";"0,11";"0,14";"24,29";"0,12";"0,19";100
37;"241600";"zawierciański";"śląskie";"63,96";"0,26";"34,18";"65,82";"0,00";"99,74";"2,15";"6,37";"47,84";"12,73";"0,14";"2,72";"0,06";"0,18";"27,44";"0,11";"0,25";108
38;"241700";"żywiecki";"śląskie";"66,87";"0,33";"32,45";"67,55";"0,00";"99,67";"1,56";"7,53";"55,56";"11,44";"0,20";"1,76";"0,11";"0,13";"21,41";"0,08";"0,22";106
38;"246100";"Bielsko-Biała";"śląskie";"68,99";"0,21";"34,39";"65,61";"0,00";"99,79";"2,25";"6,76";"36,99";"15,89";"0,18";"1,60";"0,13";"0,16";"35,66";"0,15";"0,22";76
37;"246200";"Bytom";"śląskie";"57,72";"0,35";"35,44";"64,56";"0,00";"99,65";"2,71";"6,85";"38,33";"16,29";"0,15";"1,86";"0,11";"0,17";"33,11";"0,17";"0,25";81
37;"246300";"Chorzów";"śląskie";"60,83";"0,37";"25,14";"74,86";"0,00";"99,63";"2,86";"7,07";"32,87";"16,76";"0,08";"1,69";"0,13";"0,20";"37,87";"0,17";"0,30";63
39;"246400";"Częstochowa";"śląskie";"66,51";"0,25";"37,86";"62,14";"0,00";"99,75";"2,62";"6,01";"37,94";"14,15";"0,16";"1,82";"0,10";"0,16";"36,67";"0,14";"0,23";135
37;"246500";"Dąbrowa Górnicza";"śląskie";"65,01";"0,24";"44,22";"55,78";"0,00";"99,76";"3,13";"6,00";"35,18";"15,17";"0,15";"1,82";"0,09";"0,12";"37,89";"0,20";"0,25";67
37;"246600";"Gliwice";"śląskie";"66,27";"0,31";"32,25";"67,75";"0,00";"99,69";"2,44";"7,47";"31,99";"16,22";"0,17";"1,85";"0,11";"0,16";"39,16";"0,17";"0,26";116
38;"246700";"Jastrzębie-Zdrój";"śląskie";"62,43";"0,28";"44,07";"55,93";"0,00";"99,72";"2,03";"8,39";"50,72";"13,23";"0,18";"1,44";"0,09";"0,13";"23,42";"0,12";"0,26";38
37;"246800";"Jaworzno";"śląskie";"63,47";"0,30";"38,81";"61,19";"0,00";"99,70";"2,63";"8,20";"39,11";"15,41";"0,15";"1,89";"0,07";"0,12";"32,10";"0,12";"0,23";48
37;"246900";"Katowice";"śląskie";"67,46";"0,25";"38,74";"61,26";"0,00";"99,75";"2,99";"6,24";"32,31";"15,10";"0,16";"1,88";"0,11";"0,18";"40,56";"0,18";"0,28";169
37;"247000";"Mysłowice";"śląskie";"64,86";"0,30";"44,86";"55,14";"0,00";"99,70";"2,80";"6,93";"41,81";"14,83";"0,19";"1,75";"0,09";"0,19";"31,05";"0,11";"0,26";40
37;"247100";"Piekary Śląskie";"śląskie";"62,64";"0,40";"32,38";"67,62";"0,00";"99,60";"2,11";"6,07";"45,58";"15,78";"0,11";"1,54";"0,12";"0,14";"28,17";"0,13";"0,26";32
37;"247200";"Ruda Śląska";"śląskie";"61,06";"0,26";"30,12";"69,88";"0,00";"99,74";"2,32";"7,45";"42,27";"17,10";"0,16";"1,68";"0,11";"0,14";"28,34";"0,17";"0,25";79
38;"247300";"Rybnik";"śląskie";"64,49";"0,28";"40,22";"59,78";"0,00";"99,72";"1,70";"8,21";"43,39";"14,66";"0,17";"1,61";"0,14";"0,21";"29,57";"0,11";"0,25";70
37;"247400";"Siemianowice Śląskie";"śląskie";"64,57";"0,31";"28,00";"72,00";"0,00";"99,69";"2,79";"7,02";"34,67";"17,09";"0,15";"1,80";"0,09";"0,17";"35,78";"0,18";"0,25";41
37;"247500";"Sosnowiec";"śląskie";"64,12";"0,26";"40,38";"59,62";"0,00";"99,74";"3,20";"6,09";"34,82";"14,19";"0,13";"1,73";"0,09";"0,15";"39,18";"0,20";"0,22";107
37;"247600";"Świętochłowice";"śląskie";"58,03";"0,44";"32,26";"67,74";"0,00";"99,56";"2,57";"7,06";"39,18";"16,48";"0,12";"1,64";"0,10";"0,21";"32,24";"0,16";"0,24";27
37;"247700";"Tychy";"śląskie";"68,57";"0,28";"38,92";"61,08";"0,00";"99,72";"2,50";"7,32";"38,16";"15,67";"0,20";"1,79";"0,10";"0,17";"33,66";"0,14";"0,28";66
37;"247800";"Zabrze";"śląskie";"55,16";"0,40";"29,96";"70,04";"0,00";"99,60";"2,90";"7,42";"36,68";"16,21";"0,14";"1,88";"0,11";"0,22";"34,02";"0,16";"0,26";90
38;"247900";"Żory";"śląskie";"65,22";"0,30";"39,33";"60,67";"0,00";"99,70";"1,93";"8,27";"43,46";"17,08";"0,12";"1,61";"0,09";"0,13";"26,93";"0,09";"0,29";23
40;"260100";"buski";"świętokrzyskie";"60,15";"0,30";"35,51";"64,49";"0,00";"99,70";"1,46";"5,69";"60,90";"9,01";"0,17";"4,28";"0,06";"0,09";"18,13";"0,05";"0,16";64
40;"260200";"jędrzejowski";"świętokrzyskie";"61,70";"0,27";"41,74";"58,26";"0,00";"99,73";"1,33";"6,15";"64,07";"8,59";"0,13";"3,63";"0,08";"0,06";"15,73";"0,08";"0,14";75
40;"260300";"kazimierski";"świętokrzyskie";"53,54";"0,16";"41,67";"58,33";"0,00";"99,84";"1,27";"5,53";"63,67";"7,63";"0,05";"6,32";"0,07";"0,07";"15,22";"0,05";"0,13";31
40;"260400";"kielecki";"świętokrzyskie";"64,42";"0,33";"35,57";"64,43";"0,00";"99,67";"1,36";"8,24";"61,36";"9,82";"0,19";"2,72";"0,13";"0,12";"15,77";"0,07";"0,23";184
40;"260500";"konecki";"świętokrzyskie";"61,99";"0,38";"43,79";"56,21";"0,00";"99,62";"2,10";"6,50";"60,33";"9,15";"0,16";"2,95";"0,12";"0,11";"18,32";"0,09";"0,17";75
40;"260600";"opatowski";"świętokrzyskie";"58,24";"0,45";"34,82";"65,18";"0,00";"99,55";"1,59";"5,43";"65,74";"8,13";"0,14";"4,90";"0,10";"0,15";"13,50";"0,06";"0,25";56
40;"260700";"ostrowiecki";"świętokrzyskie";"57,97";"0,30";"34,46";"65,54";"0,00";"99,70";"2,25";"6,29";"51,08";"11,34";"0,15";"2,33";"0,09";"0,14";"26,00";"0,14";"0,20";78
40;"260800";"pińczowski";"świętokrzyskie";"57,93";"0,33";"26,56";"73,44";"0,00";"99,67";"1,50";"5,89";"61,67";"8,31";"0,16";"4,09";"0,06";"0,03";"17,98";"0,10";"0,20";35
40;"260900";"sandomierski";"świętokrzyskie";"59,71";"0,31";"38,46";"61,54";"0,00";"99,69";"1,67";"6,98";"55,57";"9,18";"0,16";"6,36";"0,10";"0,11";"19,60";"0,08";"0,19";62
40;"261000";"skarżyski";"świętokrzyskie";"62,53";"0,33";"35,25";"64,75";"0,00";"99,67";"1,98";"7,17";"48,88";"11,79";"0,17";"1,98";"0,13";"0,11";"27,44";"0,10";"0,25";60
40;"261100";"starachowicki";"świętokrzyskie";"61,18";"0,27";"36,21";"63,79";"0,00";"99,73";"1,76";"7,63";"52,84";"11,91";"0,19";"1,98";"0,10";"0,12";"23,26";"0,08";"0,15";65
40;"261200";"staszowski";"świętokrzyskie";"60,39";"0,39";"36,50";"63,50";"0,00";"99,61";"1,47";"6,12";"65,67";"8,64";"0,16";"3,23";"0,10";"0,05";"14,34";"0,07";"0,15";70
40;"261300";"włoszczowski";"świętokrzyskie";"62,97";"0,39";"26,37";"73,63";"0,00";"99,61";"1,70";"7,32";"64,04";"8,62";"0,18";"4,12";"0,09";"0,10";"13,54";"0,09";"0,20";39
40;"266100";"Kielce";"świętokrzyskie";"68,18";"0,25";"37,85";"62,15";"0,00";"99,75";"2,26";"7,36";"40,37";"12,54";"0,18";"2,09";"0,09";"0,14";"34,60";"0,13";"0,23";95
42;"280100";"bartoszycki";"warmińsko-mazurskie";"51,90";"0,39";"19,15";"80,85";"0,00";"99,61";"1,82";"6,04";"43,00";"14,29";"0,13";"2,32";"0,08";"0,16";"31,83";"0,11";"0,22";44
42;"280200";"braniewski";"warmińsko-mazurskie";"50,95";"0,41";"17,39";"82,61";"0,00";"99,59";"1,92";"5,87";"41,55";"17,05";"0,08";"2,89";"0,10";"0,16";"30,09";"0,11";"0,18";37
42;"280300";"działdowski";"warmińsko-mazurskie";"56,68";"0,39";"30,09";"69,91";"0,00";"99,61";"1,71";"5,58";"49,77";"16,03";"0,16";"2,74";"0,07";"0,10";"23,61";"0,08";"0,16";55
42;"280400";"elbląski";"warmińsko-mazurskie";"51,73";"0,37";"31,40";"68,60";"0,00";"99,63";"1,69";"6,02";"43,14";"15,12";"0,17";"2,95";"0,07";"0,08";"30,48";"0,10";"0,18";43
41;"280500";"ełcki";"warmińsko-mazurskie";"52,69";"0,41";"30,61";"69,39";"0,00";"99,59";"1,94";"8,48";"41,72";"15,43";"0,18";"2,24";"0,14";"0,18";"29,30";"0,10";"0,27";53
41;"280600";"giżycki";"warmińsko-mazurskie";"57,91";"0,31";"32,94";"67,06";"0,00";"99,69";"1,93";"6,07";"34,82";"15,59";"0,17";"2,64";"0,12";"0,16";"38,16";"0,13";"0,21";48
42;"280700";"iławski";"warmińsko-mazurskie";"58,16";"0,34";"26,95";"73,05";"0,00";"99,66";"2,11";"7,31";"45,87";"13,14";"0,19";"2,49";"0,10";"0,16";"28,31";"0,14";"0,18";65
41;"280800";"kętrzyński";"warmińsko-mazurskie";"52,10";"0,34";"39,77";"60,23";"0,00";"99,66";"2,34";"6,05";"40,56";"14,87";"0,15";"2,85";"0,11";"0,16";"32,65";"0,09";"0,17";58
42;"280900";"lidzbarski";"warmińsko-mazurskie";"53,52";"0,31";"24,53";"75,47";"0,00";"99,69";"2,06";"6,67";"40,50";"13,09";"0,14";"2,70";"0,10";"0,11";"34,35";"0,13";"0,15";34
41;"281000";"mrągowski";"warmińsko-mazurskie";"57,78";"0,39";"22,83";"77,17";"0,00";"99,61";"1,97";"6,89";"37,30";"16,19";"0,16";"2,44";"0,06";"0,17";"34,56";"0,11";"0,16";43
41;"281100";"nidzicki";"warmińsko-mazurskie";"54,69";"0,43";"21,31";"78,69";"0,00";"99,57";"1,68";"6,67";"50,19";"11,86";"0,19";"2,48";"0,08";"0,09";"26,49";"0,09";"0,18";30
42;"281200";"nowomiejski";"warmińsko-mazurskie";"57,67";"0,31";"30,00";"70,00";"0,00";"99,69";"1,52";"5,78";"54,84";"11,79";"0,14";"4,11";"0,16";"0,12";"21,22";"0,10";"0,22";33
41;"281300";"olecki";"warmińsko-mazurskie";"51,60";"0,36";"14,58";"85,42";"0,00";"99,64";"1,74";"7,12";"46,75";"15,30";"0,16";"2,38";"0,08";"0,19";"26,03";"0,06";"0,19";33
41;"281400";"olsztyński";"warmińsko-mazurskie";"58,17";"0,41";"25,10";"74,90";"0,00";"99,59";"2,38";"7,38";"35,31";"15,27";"0,22";"2,55";"0,09";"0,17";"36,33";"0,11";"0,19";133
42;"281500";"ostródzki";"warmińsko-mazurskie";"56,40";"0,40";"26,78";"73,22";"0,00";"99,60";"2,28";"5,93";"38,59";"15,95";"0,16";"2,38";"0,10";"0,12";"34,17";"0,12";"0,20";81
41;"281600";"piski";"warmińsko-mazurskie";"54,21";"0,35";"21,18";"78,82";"0,00";"99,65";"1,53";"7,86";"49,59";"11,64";"0,13";"2,47";"0,07";"0,16";"26,35";"0,06";"0,16";44
41;"281700";"szczycieński";"warmińsko-mazurskie";"56,10";"0,38";"21,49";"78,51";"0,00";"99,62";"2,07";"6,51";"45,96";"12,89";"0,18";"2,88";"0,07";"0,15";"28,97";"0,17";"0,16";68
41;"281800";"gołdapski";"warmińsko-mazurskie";"50,82";"0,32";"29,41";"70,59";"0,00";"99,68";"1,99";"5,61";"40,04";"18,39";"0,17";"2,00";"0,08";"0,14";"31,32";"0,09";"0,16";24
41;"281900";"węgorzewski";"warmińsko-mazurskie";"54,78";"0,30";"41,94";"58,06";"0,00";"99,70";"2,03";"6,08";"37,84";"15,10";"0,17";"3,01";"0,18";"0,15";"35,10";"0,12";"0,24";26
42;"286100";"Elbląg";"warmińsko-mazurskie";"61,27";"0,32";"35,06";"64,94";"0,00";"99,68";"2,47";"5,82";"36,36";"15,25";"0,15";"1,88";"0,08";"0,15";"37,50";"0,14";"0,20";62
41;"286200";"Olsztyn";"warmińsko-mazurskie";"67,74";"0,28";"35,22";"64,78";"0,00";"99,72";"3,30";"7,43";"29,72";"15,10";"0,18";"2,01";"0,12";"0,17";"41,55";"0,15";"0,26";101
47;"300100";"chodzieski";"wielkopolskie";"63,58";"0,27";"25,81";"74,19";"0,00";"99,73";"2,15";"5,17";"32,94";"20,14";"0,12";"3,23";"0,10";"0,10";"35,68";"0,16";"0,20";36
47;"300200";"czarnkowsko-trzcianecki";"wielkopolskie";"60,63";"0,25";"33,01";"66,99";"0,00";"99,75";"1,75";"5,32";"38,31";"18,92";"0,10";"2,89";"0,11";"0,15";"32,09";"0,19";"0,17";61
45;"300300";"gnieźnieński";"wielkopolskie";"63,57";"0,25";"43,58";"56,42";"0,00";"99,75";"2,35";"5,91";"39,49";"18,53";"0,15";"2,22";"0,10";"0,12";"30,74";"0,15";"0,24";92
46;"300400";"gostyński";"wielkopolskie";"60,32";"0,30";"39,25";"60,75";"0,00";"99,70";"1,78";"9,52";"47,37";"14,06";"0,17";"3,06";"0,08";"0,12";"23,48";"0,16";"0,21";58
43;"300500";"grodziski";"wielkopolskie";"61,98";"0,28";"39,13";"60,87";"0,00";"99,72";"1,87";"6,85";"43,89";"18,36";"0,14";"2,98";"0,10";"0,11";"25,33";"0,16";"0,22";30
44;"300600";"jarociński";"wielkopolskie";"62,06";"0,22";"51,95";"48,05";"0,00";"99,78";"1,84";"5,63";"48,57";"15,84";"0,14";"2,74";"0,09";"0,14";"24,63";"0,16";"0,22";37
44;"300700";"kaliski";"wielkopolskie";"61,52";"0,33";"36,57";"63,43";"0,00";"99,67";"1,67";"6,36";"58,07";"10,81";"0,16";"3,73";"0,12";"0,12";"18,68";"0,08";"0,21";62
44;"300800";"kępiński";"wielkopolskie";"63,50";"0,23";"33,33";"66,67";"0,00";"99,77";"1,40";"5,56";"45,28";"18,00";"0,19";"2,55";"0,08";"0,15";"26,48";"0,09";"0,22";43
45;"300900";"kolski";"wielkopolskie";"60,54";"0,37";"33,99";"66,01";"0,00";"99,63";"1,45";"5,55";"59,94";"10,32";"0,14";"2,88";"0,11";"0,11";"19,23";"0,08";"0,19";62
45;"301000";"koniński";"wielkopolskie";"61,83";"0,31";"37,95";"62,05";"0,00";"99,69";"1,63";"5,53";"59,79";"12,22";"0,14";"2,13";"0,07";"0,12";"18,08";"0,10";"0,19";96
46;"301100";"kościański";"wielkopolskie";"62,78";"0,37";"33,79";"66,21";"0,00";"99,63";"1,91";"5,86";"41,35";"17,21";"0,18";"2,95";"0,08";"0,16";"29,86";"0,20";"0,25";53
44;"301200";"krotoszyński";"wielkopolskie";"60,96";"0,23";"46,99";"53,01";"0,00";"99,77";"1,63";"6,61";"48,05";"14,70";"0,12";"3,59";"0,10";"0,16";"24,67";"0,14";"0,23";45
46;"301300";"leszczyński";"wielkopolskie";"62,87";"0,29";"29,63";"70,37";"0,00";"99,71";"2,21";"7,28";"41,39";"18,08";"0,21";"3,03";"0,09";"0,17";"27,21";"0,09";"0,23";39
43;"301400";"międzychodzki";"wielkopolskie";"60,38";"0,28";"24,49";"75,51";"0,00";"99,72";"2,37";"5,17";"35,26";"17,51";"0,09";"3,30";"0,14";"0,10";"35,60";"0,27";"0,17";22
43;"301500";"nowotomyski";"wielkopolskie";"64,88";"0,29";"46,30";"53,70";"0,00";"99,71";"2,04";"6,26";"35,52";"19,91";"0,15";"2,62";"0,12";"0,14";"32,86";"0,18";"0,19";49
43;"301600";"obornicki";"wielkopolskie";"63,82";"0,32";"38,46";"61,54";"0,00";"99,68";"2,08";"5,63";"35,12";"17,95";"0,15";"3,21";"0,06";"0,09";"35,32";"0,13";"0,24";46
44;"301700";"ostrowski";"wielkopolskie";"64,15";"0,25";"41,58";"58,42";"0,00";"99,75";"1,78";"7,13";"43,40";"14,95";"0,17";"2,66";"0,10";"0,12";"29,35";"0,12";"0,21";110
44;"301800";"ostrzeszowski";"wielkopolskie";"61,87";"0,37";"32,32";"67,68";"0,00";"99,63";"1,52";"6,89";"47,25";"14,69";"0,10";"3,51";"0,15";"0,15";"25,35";"0,16";"0,23";55
47;"301900";"pilski";"wielkopolskie";"63,03";"0,26";"36,53";"63,47";"0,00";"99,74";"2,29";"6,28";"35,91";"17,72";"0,17";"2,39";"0,11";"0,13";"34,63";"0,16";"0,20";82
44;"302000";"pleszewski";"wielkopolskie";"62,51";"0,30";"51,09";"48,91";"0,00";"99,70";"1,53";"6,04";"49,94";"13,41";"0,18";"3,44";"0,09";"0,09";"24,99";"0,10";"0,17";54
43;"302100";"poznański";"wielkopolskie";"73,34";"0,23";"41,18";"58,82";"0,00";"99,77";"2,35";"5,52";"26,39";"19,82";"0,14";"2,04";"0,10";"0,14";"43,05";"0,21";"0,23";206
46;"302200";"rawicki";"wielkopolskie";"60,46";"0,34";"40,21";"59,79";"0,00";"99,66";"2,10";"6,30";"43,21";"15,82";"0,21";"3,44";"0,13";"0,17";"28,31";"0,11";"0,21";43
45;"302300";"słupecki";"wielkopolskie";"60,66";"0,25";"36,11";"63,89";"0,00";"99,75";"1,89";"4,68";"52,02";"12,64";"0,13";"3,58";"0,08";"0,15";"24,54";"0,09";"0,20";42
43;"302400";"szamotulski";"wielkopolskie";"64,75";"0,31";"35,21";"64,79";"0,00";"99,69";"2,15";"5,49";"34,72";"19,22";"0,14";"2,50";"0,09";"0,13";"35,24";"0,17";"0,15";55
45;"302500";"średzki";"wielkopolskie";"64,31";"0,31";"38,20";"61,80";"0,00";"99,69";"1,91";"7,19";"40,38";"19,13";"0,16";"2,93";"0,10";"0,12";"27,67";"0,19";"0,23";39
45;"302600";"śremski";"wielkopolskie";"63,00";"0,25";"45,33";"54,67";"0,00";"99,75";"2,22";"6,41";"40,02";"18,16";"0,20";"2,52";"0,10";"0,16";"29,83";"0,14";"0,24";36
45;"302700";"turecki";"wielkopolskie";"62,04";"0,31";"38,76";"61,24";"0,00";"99,69";"1,52";"5,75";"58,13";"12,20";"0,12";"2,29";"0,05";"0,14";"19,56";"0,08";"0,16";58
47;"302800";"wągrowiecki";"wielkopolskie";"61,49";"0,29";"35,11";"64,89";"0,00";"99,71";"2,16";"5,50";"39,88";"17,69";"0,16";"3,53";"0,09";"0,13";"30,50";"0,17";"0,19";47
43;"302900";"wolsztyński";"wielkopolskie";"65,35";"0,33";"40,43";"59,57";"0,00";"99,67";"1,49";"7,17";"39,52";"18,25";"0,12";"3,32";"0,10";"0,19";"29,49";"0,14";"0,21";41
45;"303000";"wrzesiński";"wielkopolskie";"64,42";"0,27";"45,19";"54,81";"0,00";"99,73";"2,07";"6,26";"43,16";"15,73";"0,13";"2,63";"0,08";"0,11";"29,47";"0,13";"0,22";52
47;"303100";"złotowski";"wielkopolskie";"56,91";"0,28";"44,19";"55,81";"0,00";"99,72";"2,08";"6,05";"38,74";"17,72";"0,15";"2,97";"0,15";"0,16";"31,65";"0,17";"0,16";48
44;"306100";"Kalisz";"wielkopolskie";"66,22";"0,25";"38,71";"61,29";"0,00";"99,75";"2,84";"5,82";"35,05";"13,49";"0,15";"1,89";"0,10";"0,14";"40,12";"0,13";"0,25";55
45;"306200";"Konin";"wielkopolskie";"65,52";"0,23";"39,53";"60,47";"0,00";"99,77";"2,46";"5,31";"41,46";"14,09";"0,13";"1,79";"0,11";"0,12";"34,20";"0,12";"0,22";47
46;"306300";"Leszno";"wielkopolskie";"67,21";"0,28";"27,47";"72,53";"0,00";"99,72";"3,13";"7,22";"28,18";"16,13";"0,09";"2,11";"0,08";"0,19";"42,51";"0,21";"0,15";34
43;"306400";"Poznań";"wielkopolskie";"72,85";"0,23";"42,11";"57,89";"0,00";"99,77";"3,80";"5,84";"22,98";"17,13";"0,13";"1,75";"0,09";"0,17";"47,47";"0,35";"0,29";251
49;"320100";"białogardzki";"zachodniopomorskie";"54,75";"0,44";"37,93";"62,07";"0,00";"99,56";"2,66";"5,01";"38,66";"16,39";"0,11";"1,93";"0,09";"0,11";"34,76";"0,08";"0,19";35
49;"320200";"choszczeński";"zachodniopomorskie";"53,58";"0,42";"32,14";"67,86";"0,00";"99,58";"2,03";"5,23";"43,09";"15,31";"0,10";"2,76";"0,06";"0,09";"31,07";"0,08";"0,16";37
49;"320300";"drawski";"zachodniopomorskie";"55,69";"0,38";"21,88";"78,12";"0,00";"99,62";"2,07";"5,54";"38,65";"16,40";"0,11";"2,38";"0,11";"0,18";"34,34";"0,08";"0,15";51
48;"320400";"goleniowski";"zachodniopomorskie";"58,81";"0,49";"29,41";"70,59";"0,00";"99,51";"2,68";"5,76";"37,05";"17,50";"0,15";"2,21";"0,08";"0,16";"34,09";"0,12";"0,19";51
48;"320500";"gryficki";"zachodniopomorskie";"60,45";"0,42";"33,33";"66,67";"0,00";"99,58";"2,11";"4,58";"37,49";"16,96";"0,15";"2,15";"0,10";"0,10";"36,06";"0,11";"0,18";45
48;"320600";"gryfiński";"zachodniopomorskie";"57,91";"0,40";"34,25";"65,75";"0,00";"99,60";"2,15";"6,04";"42,35";"15,77";"0,15";"2,06";"0,10";"0,15";"30,90";"0,12";"0,21";62
48;"320700";"kamieński";"zachodniopomorskie";"62,76";"0,33";"30,23";"69,77";"0,00";"99,67";"2,46";"4,39";"34,73";"14,85";"0,18";"2,22";"0,09";"0,16";"40,69";"0,09";"0,13";43
49;"320800";"kołobrzeski";"zachodniopomorskie";"65,87";"0,26";"32,50";"67,50";"0,00";"99,74";"2,75";"4,67";"34,01";"15,85";"0,13";"1,99";"0,06";"0,17";"40,10";"0,12";"0,15";53
49;"320900";"koszaliński";"zachodniopomorskie";"62,37";"0,38";"28,15";"71,85";"0,00";"99,62";"2,60";"5,25";"35,63";"17,01";"0,16";"2,50";"0,11";"0,10";"36,32";"0,13";"0,18";62
48;"321000";"myśliborski";"zachodniopomorskie";"56,25";"0,36";"39,81";"60,19";"0,00";"99,64";"2,03";"6,85";"39,29";"14,69";"0,11";"2,04";"0,07";"0,14";"34,44";"0,13";"0,21";53
48;"321100";"policki";"zachodniopomorskie";"67,86";"0,27";"31,19";"68,81";"0,00";"99,73";"2,68";"6,11";"28,64";"17,09";"0,19";"1,76";"0,06";"0,22";"42,91";"0,12";"0,22";43
48;"321200";"pyrzycki";"zachodniopomorskie";"57,32";"0,37";"27,69";"72,31";"0,00";"99,63";"1,90";"5,51";"50,38";"14,34";"0,15";"2,87";"0,09";"0,16";"24,39";"0,10";"0,13";27
49;"321300";"sławieński";"zachodniopomorskie";"60,19";"0,36";"28,85";"71,15";"0,00";"99,64";"2,99";"5,23";"38,85";"14,12";"0,15";"2,85";"0,07";"0,15";"35,39";"0,07";"0,14";45
48;"321400";"stargardzki";"zachodniopomorskie";"61,40";"0,37";"32,23";"67,77";"0,00";"99,63";"2,32";"6,14";"37,94";"15,90";"0,16";"1,99";"0,07";"0,19";"35,05";"0,09";"0,16";75
49;"321500";"szczecinecki";"zachodniopomorskie";"56,21";"0,31";"25,71";"74,29";"0,00";"99,69";"2,45";"6,29";"40,20";"13,67";"0,17";"2,04";"0,10";"0,17";"34,64";"0,09";"0,17";51
49;"321600";"świdwiński";"zachodniopomorskie";"53,64";"0,43";"30,12";"69,88";"0,00";"99,57";"2,37";"4,63";"41,71";"14,80";"0,08";"2,78";"0,09";"0,15";"33,11";"0,10";"0,17";37
49;"321700";"wałecki";"zachodniopomorskie";"57,31";"0,37";"32,94";"67,06";"0,00";"99,63";"2,62";"5,40";"35,35";"17,17";"0,16";"2,19";"0,12";"0,11";"36,56";"0,10";"0,21";37
48;"321800";"łobeski";"zachodniopomorskie";"52,20";"0,45";"34,85";"65,15";"0,00";"99,55";"2,11";"4,34";"41,98";"16,49";"0,17";"3,22";"0,07";"0,12";"31,29";"0,08";"0,12";29
49;"326100";"Koszalin";"zachodniopomorskie";"65,94";"0,29";"33,76";"66,24";"0,00";"99,71";"3,02";"5,14";"29,73";"16,14";"0,17";"1,84";"0,07";"0,17";"43,30";"0,14";"0,26";53
48;"326200";"Szczecin";"zachodniopomorskie";"67,34";"0,26";"34,84";"65,16";"0,00";"99,74";"3,21";"6,02";"30,80";"15,13";"0,15";"1,66";"0,10";"0,19";"42,30";"0,19";"0,25";207
48;"326300";"Świnoujście";"zachodniopomorskie";"65,62";"0,24";"31,37";"68,63";"0,00";"99,76";"2,89";"5,52";"29,25";"14,31";"0,13";"1,72";"0,10";"0,16";"45,62";"0,12";"0,17";27
